{"fx": 606.8697509765625, "fy": 607.0116577148438, "ppx": 316.0262451171875, "ppy": 239.46682739257812, "height": 480, "width": 640, "depth_scale": 0.0010000000474974513}